Srno,First Name,Surname,Username,Email,Website,Password
1,test1,test1,test1,test1@gm.cm,test.com,test@123
2,test2,test2,test2,test2@gm.cm,test.com,test@123
3,test3,test3,test3,test3@gm.cm,test.com,test@124
4,test4,test4,test4,test4@gm.cm,test.com,test@125
5,test5,test5,test5,test5@gm.cm,test.com,test@126
6,test6,test6,test6,test6@gm.cm,test.com,test@127
7,test7,test7,test7,test7@gm.cm,test.com,test@128
8,test8,test8,test8,test8@gm.cm,test.com,test@129
9,test9,test9,test9,test9@gm.cm,test.com,test@130
10,test10,test10,test10,test10@gm.cm,test.com,test@131
